[
  {"name" : "Employe1", "Age" : "1", "Gender" : "M", "Maratial" : "Married"},
  {"name" : "Employe2", "Age" : "2", "Gender" : "M", "Maratial" : "Married"},
  {"name" : "Employe3", "Age" : "3", "Gender" : "F", "Maratial" : "Married"},
  {"name" : "Employe4", "Age" : "4", "Gender" : "F", "Maratial" : "Married"},
  {"name" : "Employe5", "Age" : "5", "Gender" : "M", "Maratial" : "Married"},
  {"name" : "Employe6", "Age" : "6", "Gender" : "F", "Maratial" : "Married"},
  {"name" : "Employe7", "Age" : "7", "Gender" : "M", "Maratial" : "Married"},
  {"name" : "Employe8", "Age" : "8", "Gender" : "F", "Maratial" : "Married"}
  ]
